{"cameraMode":{"drawMode":0,"name":"Shaded","section":"Shading Mode"},"sceneLighting":false,"audioPlay":false,"sceneViewState":{"showFog":true,"showMaterialUpdate":false,"showSkybox":true,"showFlares":true,"showImageEffects":true,"showParticleSystems":true},"in2DMode":false,"pivot":{"x":32.64411926269531,"y":74.5326919555664,"z":-84.927490234375},"rotation":{"x":-0.14677758514881135,"y":0.0005909525789320469,"z":-0.0000875482801347971,"w":-0.9891694188117981},"size":49.40727996826172,"orthographic":false}